"Season","Name","Team","W","L","G","GS","IP","H","R","ER","HR","BB","SO","WAR","playerid"
"2020","Shane Bieber","CLE","8","1","12","12","77.1","46","15","14","7","21","122","3.2","19427"
"2015","Zack Greinke","LAD","19","3","32","32","222.2","148","43","41","14","40","200","5.3","1943"
"2018","Jacob deGrom","NYM","10","9","32","32","217.0","152","48","41","10","46","269","9.0","10954"
"2020","Trevor Bauer","CIN","5","4","11","11","73.0","41","17","14","9","17","100","2.5","12703"
"2015","Jake Arrieta","CHC","22","6","33","33","229.0","150","52","45","10","48","236","7.0","4153"
"2014","Clayton Kershaw","LAD","21","3","27","27","198.1","139","42","39","9","31","239","7.9","2036"
"2013","Clayton Kershaw","LAD","16","9","33","33","236.0","164","55","48","11","52","232","7.2","2036"
"2018","Blake Snell","TBR","21","5","31","31","180.2","112","41","38","16","64","221","4.7","13543"
"2020","Dallas Keuchel","CHW","6","2","11","11","63.1","52","15","14","2","17","42","1.8","9434"
"2020","Yu Darvish","CHC","8","3","12","12","76.0","59","18","17","5","14","93","3.0","13074"
"2020","Dinelson Lamet","SDP","3","1","12","12","69.0","39","18","16","5","20","93","2.5","17186"
"2015","Clayton Kershaw","LAD","16","7","33","33","232.2","163","62","55","15","42","301","8.6","2036"
"2016","Kyle Hendricks","CHC","16","8","31","30","190.0","142","53","45","15","44","170","4.2","12049"
"2014","Felix Hernandez","SEA","15","6","34","34","236.0","170","68","56","16","46","248","5.6","4772"
"2014","Chris Sale","CHW","12","4","26","26","174.0","129","48","42","13","39","208","5.0","10603"
"2013","Jose Fernandez","MIA","12","6","28","28","172.2","111","47","42","10","58","187","4.2","11530"
"2018","Trevor Bauer","CLE","12","6","28","27","175.1","134","51","43","9","57","221","5.8","12703"
"2014","Johnny Cueto","CIN","20","9","34","34","243.2","169","69","61","22","65","242","4.4","6893"
"2017","Corey Kluber","CLE","18","4","29","29","203.2","141","56","51","21","36","265","7.2","2429"
"2010","Felix Hernandez","SEA","13","12","34","34","249.2","194","80","63","17","70","232","6.7","4772"
"2013","Matt Harvey","NYM","9","5","26","26","178.1","135","46","45","7","31","191","6.9","11713"
"2011","Clayton Kershaw","LAD","21","5","33","33","233.1","174","66","59","15","54","248","7.3","2036"
"2020","Chris Bassitt","OAK","5","2","11","11","63.0","56","18","16","6","17","55","1.3","12304"
"2010","Josh Johnson","FLA","11","6","28","28","183.2","155","51","47","7","48","186","6.0","4567"
"2017","Clayton Kershaw","LAD","18","4","27","27","175.0","136","49","45","23","30","202","4.3","2036"
"2019","Hyun-Jin Ryu","LAD","14","5","29","29","182.2","160","53","47","17","24","163","4.8","14444"
"2010","Clay Buchholz","BOS","17","7","28","28","173.2","142","55","45","9","67","120","3.0","3543"
"2011","Roy Halladay","PHI","19","6","32","32","233.2","208","65","61","10","35","220","8.7","1303"
"2018","Aaron Nola","PHI","17","6","33","33","212.1","149","57","56","17","58","224","5.5","16149"
"2014","Adam Wainwright","STL","20","9","32","32","227.0","184","64","60","10","50","179","4.9","2233"
"2020","Jacob deGrom","NYM","4","2","12","12","68.0","47","21","18","7","18","104","2.6","10954"
"2011","Cliff Lee","PHI","17","8","32","32","232.2","197","66","62","18","42","238","7.1","1636"
"2011","Justin Verlander","DET","24","5","34","34","251.0","174","73","67","24","57","250","6.5","8700"
"2011","Jered Weaver","LAA","18","8","33","33","235.2","182","65","63","20","56","198","5.4","4235"
"2014","Doug Fister","WSN","16","6","25","25","164.0","153","52","44","18","24","98","1.5","9425"
"2010","Adam Wainwright","STL","20","11","33","33","230.1","186","68","62","15","56","213","5.1","2233"
"2019","Jacob deGrom","NYM","11","8","32","32","204.0","154","59","55","19","44","255","7.0","10954"
"2010","Roy Halladay","PHI","21","10","33","33","250.2","231","74","68","24","30","219","6.2","1303"
"2016","Jon Lester","CHC","19","5","32","32","202.2","154","57","55","21","52","197","4.2","4930"
"2014","Corey Kluber","CLE","18","9","34","34","235.2","207","72","64","14","51","269","7.2","2429"
"2015","David Price","- - -","18","5","32","32","220.1","190","70","60","17","47","225","6.7","3184"
"2014","Jon Lester","- - -","16","11","32","32","219.2","194","76","60","16","48","220","5.4","4930"
"2014","Cole Hamels","PHI","9","9","30","30","204.2","176","60","56","14","59","198","4.5","4972"
"2015","Dallas Keuchel","HOU","20","8","33","33","232.0","185","68","64","17","51","216","5.7","9434"
"2019","Gerrit Cole","HOU","20","5","33","33","212.1","142","66","59","29","48","326","7.3","13125"
"2017","Max Scherzer","WSN","16","6","31","31","200.2","126","62","56","22","55","268","6.4","3137"
"2017","Stephen Strasburg","WSN","15","4","28","28","175.1","131","55","49","13","47","204","5.9","10131"
"2018","Justin Verlander","HOU","16","9","34","34","214.0","156","63","60","28","37","290","6.6","8700"
"2018","Max Scherzer","WSN","18","7","33","33","220.2","150","66","62","23","51","300","7.5","3137"
"2012","Clayton Kershaw","LAD","14","9","33","33","227.2","170","70","64","16","63","229","6.1","2036"
"2015","Jacob deGrom","NYM","14","8","30","30","191.0","149","59","54","16","38","205","4.9","10954"
"2012","David Price","TBR","20","5","31","31","211.0","173","63","60","16","59","205","4.3","3184"
"2013","Anibal Sanchez","DET","14","8","29","29","182.0","156","56","52","9","54","202","5.9","3284"
"2019","Justin Verlander","HOU","21","6","34","34","223.0","137","66","64","36","42","300","6.3","8700"
"2015","Gerrit Cole","PIT","19","8","32","32","208.0","183","71","60","11","44","202","5.1","13125"
"2016","Noah Syndergaard","NYM","14","9","31","30","183.2","168","61","53","11","43","218","6.0","11762"
"2014","Garrett Richards","LAA","13","4","26","26","168.2","124","51","49","5","51","164","4.3","9784"
"2013","Zack Greinke","LAD","15","4","28","28","177.2","152","54","52","13","46","148","3.4","1943"
"2012","Justin Verlander","DET","17","8","33","33","238.1","192","81","70","19","60","239","6.9","8700"
"2014","Henderson Alvarez","MIA","12","7","30","30","187.0","198","65","55","14","33","111","2.5","5669"
"2013","Bartolo Colon","OAK","18","6","30","30","190.1","193","60","56","14","29","117","4.0","375"
"2014","Jordan Zimmermann","WSN","14","5","32","32","199.2","185","67","59","13","29","182","5.4","4505"
"2013","Hisashi Iwakuma","SEA","14","6","33","33","219.2","179","69","65","25","42","185","4.1","13048"
"2019","Mike Soroka","ATL","13","4","29","29","174.2","153","56","52","14","41","142","4.0","18383"
"2020","Hyun-Jin Ryu","TOR","5","2","12","12","67.0","60","22","20","6","17","72","1.8","14444"
"2020","Kenta Maeda","MIN","6","1","11","11","66.2","40","20","20","9","10","80","2.1","18498"
"2010","Jaime Garcia","STL","13","8","28","28","163.1","151","64","49","9","64","132","2.4","8137"
"2011","Ryan Vogelsong","SFG","13","7","30","28","179.2","164","62","54","15","61","139","1.7","1011"
"2015","Matt Harvey","NYM","13","8","29","29","189.1","156","62","57","18","37","188","4.0","11713"
"2014","Zack Greinke","LAD","17","8","32","32","202.1","190","69","61","19","43","207","4.5","1943"
"2010","David Price","TBR","19","6","32","31","208.2","170","71","63","15","79","188","4.3","3184"
"2020","Zach Davies","SDP","7","4","12","12","69.1","55","26","21","9","19","63","1.4","13183"
"2015","Sonny Gray","OAK","14","7","31","31","208.0","166","71","63","17","59","169","3.9","12768"
"2012","R.A. Dickey","NYM","20","6","34","33","233.2","192","78","71","24","54","230","4.7","1245"
"2011","Tim Lincecum","SFG","13","14","33","33","217.0","176","74","66","15","86","220","3.5","5705"
"2016","Madison Bumgarner","SFG","15","9","34","34","226.2","178","79","69","26","54","251","4.3","5524"
"2014","Lance Lynn","STL","15","10","33","33","203.2","185","72","62","13","72","181","3.6","2520"
"2020","Zac Gallen","ARI","3","2","12","12","72.0","55","24","22","9","25","82","1.5","19291"
"2019","Jack Flaherty","STL","11","8","33","33","196.1","135","62","60","25","55","231","4.8","17479"
"2010","Roy Oswalt","- - -","13","13","33","32","211.2","162","70","65","19","55","193","4.4","571"
"2015","John Lackey","STL","13","10","33","33","218.0","211","71","67","21","53","175","3.5","1507"
"2013","Madison Bumgarner","SFG","13","9","31","31","201.1","146","68","62","15","62","199","3.5","5524"
"2014","Alex Wood","ATL","11","11","35","24","171.2","151","58","53","16","45","170","2.9","13781"
"2012","Johnny Cueto","CIN","19","9","33","33","217.0","205","73","67","15","49","170","4.3","6893"
"2016","Johnny Cueto","SFG","18","5","32","32","219.2","195","71","68","15","45","198","4.9","6893"
"2012","Matt Cain","SFG","16","5","32","32","219.1","177","73","68","21","51","193","3.2","4732"
"2011","Cole Hamels","PHI","14","9","32","31","216.0","169","68","67","19","44","194","5.1","4972"
"2015","Max Scherzer","WSN","14","12","33","33","228.2","176","74","71","27","34","276","6.5","3137"
"2014","Tyson Ross","SDP","13","14","31","31","195.2","165","75","61","13","72","195","2.6","7872"
"2012","Jered Weaver","LAA","20","5","30","30","188.2","147","63","59","20","45","142","3.1","4235"
"2011","James Shields","TBR","16","12","33","33","249.1","195","83","78","26","65","225","4.8","7059"
"2018","Miles Mikolas","STL","18","4","32","32","200.2","186","70","63","16","29","146","4.2","9803"
"2016","Tanner Roark","WSN","16","10","34","33","210.0","173","72","66","17","73","172","3.3","8753"
"2011","Doug Fister","- - -","11","13","32","31","216.1","193","76","68","11","37","146","5.4","9425"
"2013","Yu Darvish","TEX","13","9","32","32","209.2","145","68","66","26","80","277","4.6","13074"
"2010","Tim Hudson","ATL","17","9","34","34","228.2","189","74","72","20","74","139","1.8","921"
"2020","Gerrit Cole","NYY","7","3","12","12","73.0","53","27","23","14","17","94","1.5","13125"
"2010","R.A. Dickey","NYM","11","9","27","26","174.1","165","62","55","13","42","104","2.8","1245"
"2018","Kyle Freeland","COL","17","7","33","33","202.1","182","64","64","17","70","173","4.1","16256"
"2018","Mike Foltynewicz","ATL","13","10","31","31","183.0","130","65","58","17","68","202","3.8","10811"
"2014","Tanner Roark","WSN","15","10","31","31","198.2","178","64","63","16","39","138","3.3","8753"
"2012","Kyle Lohse","STL","16","3","33","33","211.0","192","74","67","19","38","143","3.3","739"
"2016","Jose Fernandez","MIA","16","8","29","29","182.1","149","63","58","13","55","253","6.3","11530"
"2014","Alex Cobb","TBR","10","9","27","27","166.1","142","56","53","11","47","149","2.5","6562"
"2013","Cliff Lee","PHI","14","8","31","31","222.2","193","77","71","22","32","222","5.6","1636"
"2019","Sonny Gray","CIN","11","8","31","31","175.1","122","59","56","17","68","205","4.4","12768"
"2018","Gerrit Cole","HOU","15","5","32","32","200.1","143","68","64","19","64","276","5.9","13125"
"2020","Kyle Hendricks","CHC","6","5","12","12","81.1","73","26","26","10","8","64","1.9","12049"
"2011","Ian Kennedy","ARI","21","4","33","33","222.0","186","73","71","19","55","198","4.4","6986"
"2011","Matt Cain","SFG","12","11","33","33","221.2","177","82","71","9","63","179","4.6","4732"
"2010","Ubaldo Jimenez","COL","19","8","33","33","221.2","164","73","71","10","92","214","6.0","3374"
"2018","Corey Kluber","CLE","20","7","33","33","215.0","179","75","69","25","34","222","5.5","2429"
"2017","Robbie Ray","ARI","15","5","28","28","162.0","116","57","52","23","71","218","3.3","11486"
"2012","Gio Gonzalez","WSN","21","8","32","32","199.1","149","69","64","9","76","207","5.0","7448"
"2011","Josh Beckett","BOS","13","7","30","30","193.0","146","65","62","21","52","175","3.8","510"
"2014","Julio Teheran","ATL","14","13","33","33","221.0","188","82","71","22","51","186","3.4","6797"
"2013","Max Scherzer","DET","21","3","32","32","214.1","152","73","69","18","56","240","5.9","3137"
"2017","Chris Sale","BOS","17","8","32","32","214.1","165","73","69","24","43","308","7.6","10603"
"2010","Clayton Kershaw","LAD","13","10","32","32","204.1","160","73","66","13","81","212","4.6","2036"
"2020","Carlos Carrasco","CLE","3","4","12","12","68.0","55","22","22","8","27","82","1.5","6632"
"2020","Zack Wheeler","PHI","4","2","11","11","71.0","67","26","23","3","16","53","2.0","10310"
"2011","Ricky Romero","TOR","15","11","32","32","225.0","176","85","73","26","80","178","2.5","3403"
"2010","Mat Latos","SDP","14","10","31","31","184.2","150","63","60","16","50","189","4.2","3815"
"2019","Max Scherzer","WSN","11","7","27","27","172.1","144","59","56","18","33","243","6.5","3137"
"2014","Dallas Keuchel","HOU","12","9","29","29","200.0","187","71","65","11","48","146","3.5","9434"
"2015","Madison Bumgarner","SFG","18","9","32","32","218.1","181","73","71","21","39","234","4.9","5524"
"2019","Zack Greinke","- - -","18","5","33","33","208.2","175","73","68","21","30","187","5.4","1943"
"2011","C.J. Wilson","TEX","16","7","34","34","223.1","191","89","73","16","74","206","5.1","3580"
"2013","Adam Wainwright","STL","19","9","34","34","241.2","223","83","79","15","35","219","6.2","2233"
"2012","Jordan Zimmermann","WSN","12","8","32","32","195.2","186","69","64","18","43","153","3.4","4505"
"2011","Jeremy Hellickson","TBR","13","10","29","29","189.0","146","64","62","21","72","117","2.0","4371"
"2017","Gio Gonzalez","WSN","15","9","32","32","201.0","158","69","66","21","79","188","3.8","7448"
"2016","Max Scherzer","WSN","20","7","34","34","228.1","165","77","75","31","56","284","5.6","3137"
"2010","Trevor Cahill","OAK","18","8","30","30","196.2","155","73","65","19","63","118","2.0","6249"
"2017","Luis Severino","NYY","14","6","31","31","193.1","150","73","64","21","51","230","5.6","15890"
"2014","Madison Bumgarner","SFG","18","10","33","33","217.1","194","81","72","21","43","219","3.6","5524"
"2010","Johan Santana","NYM","11","9","29","29","199.0","179","67","66","16","55","144","3.7","755"
"2014","Jeff Samardzija","- - -","7","13","33","33","219.2","191","86","73","20","43","202","4.4","3254"
"2011","CC Sabathia","NYY","19","8","33","33","237.1","230","87","79","17","61","230","5.8","404"
"2016","Aaron Sanchez","TOR","15","2","30","30","192.0","161","69","64","15","63","161","3.5","11490"
"2013","Stephen Strasburg","WSN","8","9","30","30","183.0","136","71","61","16","56","191","3.3","10131"
"2013","Hyun-Jin Ryu","LAD","14","8","30","30","192.0","182","67","64","15","49","154","3.8","14444"
"2015","Carlos Martinez","STL","14","7","31","29","179.2","168","65","60","13","63","184","3.3","11682"
"2010","Jered Weaver","LAA","13","12","34","34","224.1","187","83","75","23","54","233","5.9","4235"
"2018","Mike Clevinger","CLE","13","8","32","32","200.0","164","71","67","21","67","207","4.2","12808"
"2015","Shelby Miller","ATL","6","17","33","33","205.1","183","82","69","13","73","171","3.7","10197"
"2019","Clayton Kershaw","LAD","16","5","29","28","178.1","145","63","60","28","41","189","3.4","2036"
"2015","Lance Lynn","STL","12","11","31","31","175.1","172","66","59","13","68","167","3.0","2520"
"2014","Edinson Volquez","PIT","13","7","32","31","192.2","166","75","65","17","71","140","0.7","3990"
"2013","Felix Hernandez","SEA","12","10","31","31","204.1","185","74","69","15","46","216","6.1","4772"
"2016","Carlos Martinez","STL","16","9","31","31","195.1","169","68","66","15","70","174","3.2","11682"
"2016","Justin Verlander","DET","16","9","34","34","227.2","171","81","77","30","57","254","5.4","8700"
"2012","Chris Sale","CHW","17","8","30","29","192.0","167","66","65","19","51","192","4.7","10603"
"2012","Cole Hamels","PHI","17","6","31","31","215.1","190","80","73","24","52","216","4.6","4972"
"2019","Charlie Morton","TBR","16","6","33","33","194.2","154","71","66","15","57","240","6.1","4676"
"2020","Brandon Woodruff","MIL","3","5","13","13","73.2","55","26","25","9","18","91","2.1","16162"
"2010","Cole Hamels","PHI","12","11","33","33","208.2","185","74","71","26","61","211","3.6","4972"
"2013","Shelby Miller","STL","15","9","31","31","173.1","152","65","59","20","57","169","2.1","10197"
"2012","Felix Hernandez","SEA","13","9","33","33","232.0","209","84","79","14","56","223","6.6","4772"
"2016","Masahiro Tanaka","NYY","14","4","31","31","199.2","179","75","68","22","36","165","4.7","15764"
"2013","Chris Sale","CHW","11","14","30","30","214.1","184","81","73","23","46","226","4.8","10603"
"2010","Jonathan Sanchez","SFG","13","9","34","33","193.1","142","74","66","21","96","205","2.2","7507"
"2011","Hiroki Kuroda","LAD","13","16","32","32","202.0","196","77","69","24","49","161","2.9","3283"
"2014","Sonny Gray","OAK","14","10","33","33","219.0","187","84","75","15","74","183","3.5","12768"
"2013","Andrew Cashner","SDP","10","9","31","26","175.0","151","68","60","12","47","128","2.7","8782"
"2017","Marcus Stroman","TOR","13","9","33","33","201.0","201","82","69","21","62","164","3.4","13431"
"2015","Scott Kazmir","- - -","7","11","31","31","183.0","162","77","63","20","59","155","2.3","4897"
"2020","Marco Gonzales","SEA","7","2","11","11","69.2","59","27","24","8","7","64","2.0","15467"
"2016","Jake Arrieta","CHC","18","8","31","31","197.1","138","72","68","16","76","190","3.5","4153"
"2012","Jeremy Hellickson","TBR","10","11","31","31","177.0","163","68","61","25","59","124","0.8","4371"
"2013","Travis Wood","CHC","9","12","32","32","200.0","163","73","69","18","66","144","3.0","9884"
"2013","Kris Medlen","ATL","15","12","32","31","197.0","194","77","68","18","47","157","2.4","9417"
"2018","Trevor Williams","PIT","14","10","31","31","170.2","146","64","59","15","55","126","2.7","16977"
"2011","Gio Gonzalez","OAK","16","12","32","32","202.0","175","81","70","17","91","197","3.3","7448"
"2018","Charlie Morton","HOU","15","3","30","30","167.0","130","63","58","18","64","201","2.8","4676"
"2015","Marco Estrada","TOR","13","8","34","28","181.0","134","67","63","24","55","131","1.8","1118"
"2010","Brett Myers","HOU","14","8","33","33","223.2","212","88","78","20","66","180","3.9","962"
"2014","Stephen Strasburg","WSN","14","11","34","34","215.0","198","86","75","23","43","242","4.5","10131"
"2016","Corey Kluber","CLE","18","9","32","32","215.0","170","82","75","22","57","227","4.9","2429"
"2010","Matt Cain","SFG","13","11","33","33","223.1","181","84","78","22","61","177","4.0","4732"
"2014","Max Scherzer","DET","18","5","33","33","220.1","196","80","77","18","63","252","5.6","3137"
"2016","Rick Porcello","BOS","22","4","33","33","223.0","193","85","78","23","32","189","5.1","2717"
"2013","James Shields","KCR","13","9","34","34","228.2","215","82","80","20","68","196","4.1","7059"
"2018","Patrick Corbin","ARI","11","7","33","33","200.0","162","70","70","15","48","246","5.9","9323"
"2020","Adam Wainwright","STL","5","3","10","10","65.2","54","25","23","9","15","54","1.1","2233"
"2012","Cliff Lee","PHI","6","9","30","30","211.0","207","79","74","26","28","207","5.0","1636"
"2013","Mat Latos","CIN","14","7","32","32","210.2","197","82","74","14","58","187","5.1","3815"
"2011","Dan Haren","LAA","16","10","35","34","238.1","211","91","84","20","33","192","5.9","1757"
"2010","Cliff Lee","- - -","12","9","28","28","212.1","195","84","75","16","18","185","7.3","1636"
"2011","Jordan Zimmermann","WSN","8","11","26","26","161.1","154","62","57","12","31","124","3.2","4505"
"2010","CC Sabathia","NYY","21","7","34","34","237.2","209","92","84","20","74","197","5.5","404"
"2015","A.J. Burnett","PIT","9","7","26","26","164.0","174","64","58","11","49","143","2.6","512"
"2016","J.A. Happ","TOR","20","4","32","32","195.0","168","72","69","22","60","163","2.8","7410"
"2014","Yordano Ventura","KCR","14","10","31","30","183.0","168","70","65","14","69","159","2.6","11855"
"2013","Julio Teheran","ATL","14","8","30","30","185.2","173","69","66","22","45","170","2.6","6797"
"2016","Jose Quintana","CHW","13","12","32","32","208.0","192","76","74","22","50","181","4.9","11423"
"2017","Zack Greinke","ARI","17","7","32","32","202.1","172","80","72","25","45","215","4.9","1943"
"2018","Jameson Taillon","PIT","14","10","32","32","191.0","179","69","68","20","46","179","3.9","11674"
"2018","Zack Greinke","ARI","15","11","33","33","207.2","181","77","74","28","43","199","2.9","1943"
"2016","Julio Teheran","ATL","7","10","30","30","188.0","157","70","67","22","41","167","3.0","6797"
"2011","Justin Masterson","CLE","12","10","34","33","216.0","211","89","77","11","65","158","5.1","2038"
"2011","Madison Bumgarner","SFG","13","13","33","33","204.2","202","82","73","12","46","191","4.4","5524"
"2013","Mike Minor","ATL","13","9","32","32","204.2","177","79","73","22","46","181","3.4","10021"
"2014","James Shields","KCR","14","8","34","34","227.0","224","95","81","23","44","180","3.4","7059"
"2020","Luis Castillo","CIN","4","6","12","12","70.0","62","31","25","5","24","89","2.4","15689"
"2010","Chris Carpenter","STL","16","9","35","35","235.0","214","99","84","21","63","179","2.8","1292"
"2019","Marcus Stroman","- - -","10","13","32","32","184.1","183","77","66","18","58","159","3.9","13431"
"2011","Tim Hudson","ATL","16","10","33","33","215.0","189","86","77","14","56","158","2.9","921"
"2015","Chris Archer","TBR","12","13","34","34","212.0","175","85","76","19","66","252","5.1","6345"
"2010","Gio Gonzalez","OAK","15","9","33","33","200.2","171","75","72","15","92","171","3.2","7448"
"2013","Ervin Santana","KCR","9","10","32","32","211.0","190","85","76","26","51","161","2.5","3200"
"2010","Jon Lester","BOS","19","9","32","32","208.0","167","81","75","14","83","225","4.9","4930"
"2013","Jordan Zimmermann","WSN","19","9","32","32","213.1","192","81","77","19","40","161","3.8","4505"
"2019","Patrick Corbin","WSN","14","7","33","33","202.0","169","81","73","24","70","238","4.7","9323"
"2019","Walker Buehler","LAD","14","4","30","30","182.1","153","77","66","20","37","215","5.0","19374"
"2015","Tyson Ross","SDP","10","12","33","33","196.0","172","78","71","9","84","212","4.0","7872"
"2014","David Price","- - -","15","12","34","34","248.1","230","100","90","25","38","271","5.6","3184"
"2019","Shane Bieber","CLE","15","8","34","33","214.1","186","86","78","31","40","259","5.6","19427"
"2011","R.A. Dickey","NYM","8","13","33","32","208.2","202","85","76","18","54","134","2.7","1245"
"2017","Ervin Santana","MIN","16","8","33","33","211.1","177","85","77","31","61","167","2.7","3200"
"2020","Aaron Nola","PHI","5","5","12","12","71.1","54","31","26","9","23","96","2.0","16149"
"2017","Carlos Carrasco","CLE","18","6","32","32","200.0","173","73","73","21","46","226","5.4","6632"
"2020","Dylan Bundy","LAA","6","3","11","11","65.2","51","27","24","5","17","72","2.0","12917"
"2012","Matt Harrison","TEX","18","11","32","32","213.1","210","82","78","22","59","133","3.5","5551"
"2013","A.J. Burnett","PIT","10","11","30","30","191.0","165","79","70","11","67","209","4.0","512"
"2013","Ubaldo Jimenez","CLE","13","9","32","32","182.2","163","75","67","16","80","194","3.5","3374"
"2018","Zack Wheeler","NYM","12","7","29","29","182.1","150","69","67","14","55","179","4.2","10310"
"2013","Hiroki Kuroda","NYY","11","13","32","32","201.1","191","79","74","20","43","150","3.3","3283"
"2019","Stephen Strasburg","WSN","18","6","33","33","209.0","161","79","77","24","56","251","5.6","10131"
"2017","Drew Pomeranz","BOS","17","6","32","32","173.2","166","69","64","19","69","174","3.0","11426"
"2011","Matt Garza","CHC","10","10","31","31","198.0","186","90","73","14","63","197","4.7","3340"
"2012","Hiroki Kuroda","NYY","16","11","33","33","219.2","205","86","81","25","51","167","3.4","3283"
"2016","Cole Hamels","TEX","15","5","32","32","200.2","185","83","74","24","77","200","3.3","4972"
"2018","Jon Lester","CHC","18","6","32","32","181.2","174","75","67","24","64","149","1.8","4930"
"2020","Lance Lynn","TEX","6","3","13","13","84.0","64","34","31","13","25","89","1.3","2520"
"2016","Drew Pomeranz","- - -","11","12","31","30","170.2","137","65","63","22","65","186","3.0","11426"
"2011","Brandon McCarthy","OAK","9","9","25","25","170.2","168","73","63","11","25","123","4.5","4662"
"2014","Jose Quintana","CHW","9","11","32","32","200.1","197","87","74","10","52","178","4.9","11423"
"2013","David Price","TBR","10","8","27","27","186.2","178","78","69","16","27","151","4.0","3184"
"2012","Wade Miley","ARI","16","11","32","29","194.2","193","79","72","14","37","144","3.9","8779"
"2014","Chris Archer","TBR","10","9","32","32","194.2","177","85","72","12","72","173","2.9","6345"
"2010","Tommy Hanson","ATL","10","11","34","34","202.2","182","86","75","14","56","173","3.7","9129"
"2016","Chris Sale","CHW","17","10","32","32","226.2","190","88","84","27","45","233","5.3","10603"
"2015","Jon Lester","CHC","11","12","32","32","205.0","183","83","76","16","47","207","4.9","4930"
"2015","Wei-Yin Chen","BAL","11","8","31","31","191.1","192","78","71","28","41","153","2.8","13071"
"2014","Chris Tillman","BAL","13","6","34","34","207.1","189","83","77","21","66","150","2.3","5279"
"2016","John Lackey","CHC","11","8","29","29","188.1","146","74","70","23","53","180","2.9","1507"
"2015","Jake Odorizzi","TBR","9","9","28","28","169.1","149","65","63","18","46","150","2.9","6397"
"2019","Dakota Hudson","STL","16","7","33","32","174.2","160","80","65","22","86","136","1.0","19206"
"2013","Kyle Lohse","MIL","11","10","32","32","198.2","196","78","74","26","36","125","1.6","739"
"2010","C.J. Wilson","TEX","15","8","33","33","204.0","161","83","76","10","93","170","4.2","3580"
"2013","Gio Gonzalez","WSN","11","8","32","32","195.2","169","79","73","17","76","192","3.3","7448"
"2015","Jose Quintana","CHW","9","10","32","32","206.1","218","81","77","16","44","177","4.3","11423"
"2017","Justin Verlander","- - -","15","8","33","33","206.0","170","80","77","27","72","219","4.1","8700"
"2012","Ryan Vogelsong","SFG","14","9","31","31","189.2","171","76","71","17","62","158","1.9","1011"
"2013","Mike Leake","CIN","14","7","31","31","192.1","193","78","72","21","48","122","2.3","10130"
"2012","Madison Bumgarner","SFG","16","11","32","32","208.1","183","87","78","23","49","191","2.7","5524"
"2012","Jake Peavy","CHW","11","12","32","32","219.0","191","88","82","27","49","194","4.3","1051"
"2010","Justin Verlander","DET","18","9","33","33","224.1","190","89","84","14","71","219","6.7","8700"
"2015","Michael Wacha","STL","17","7","30","30","181.1","162","74","68","19","58","153","2.2","14078"
"2018","Carlos Carrasco","CLE","17","10","32","30","192.0","173","78","72","21","43","231","5.2","6632"
"2012","CC Sabathia","NYY","15","6","28","28","200.0","184","89","75","22","44","197","4.1","404"
"2015","Francisco Liriano","PIT","12","7","31","31","186.2","155","75","70","15","70","205","3.3","3201"
"2016","Ervin Santana","MIN","7","11","30","30","181.1","168","78","68","19","53","149","3.5","3200"
"2012","Ryan Dempster","- - -","12","8","28","28","173.0","155","71","65","19","52","153","2.7","517"
"2014","Francisco Liriano","PIT","7","10","29","29","162.1","130","68","61","13","81","175","1.6","3201"
"2011","Jeff Karstens","PIT","9","9","30","26","162.1","163","69","61","22","33","96","1.1","5879"
"2011","Ervin Santana","LAA","11","12","33","33","228.2","207","95","86","26","72","178","2.5","3200"
"2014","Mark Buehrle","TOR","13","10","32","32","202.0","228","83","76","15","46","119","3.7","225"
"2018","Luis Severino","NYY","19","8","32","32","191.1","173","76","72","19","46","220","5.4","15890"
"2013","C.J. Wilson","LAA","17","7","33","33","212.1","200","93","80","15","85","188","2.9","3580"
"2010","Hiroki Kuroda","LAD","11","13","31","31","196.1","180","87","74","15","48","159","4.2","3283"
"2011","Kyle Lohse","STL","14","8","30","30","188.1","178","80","71","16","42","111","2.2","739"
"2011","Matt Harrison","TEX","14","9","31","30","185.2","180","79","70","13","57","126","4.0","5551"
"2012","Ross Detwiler","WSN","10","8","33","27","164.1","149","75","62","15","52","105","1.6","2859"
"2019","Luis Castillo","CIN","15","8","32","32","190.2","139","76","72","22","79","226","4.1","15689"
"2017","Andrew Cashner","TEX","11","11","28","28","166.2","156","75","63","15","64","86","2.2","8782"
"2012","Jon Niese","NYM","13","9","30","30","190.1","174","77","72","22","49","155","2.5","4424"
"2014","Jon Niese","NYM","9","11","30","30","187.2","193","80","71","17","45","138","2.4","4424"
"2015","Chris Sale","CHW","13","11","31","31","208.2","185","88","79","23","42","274","5.6","10603"
"2013","Patrick Corbin","ARI","14","8","32","32","208.1","189","81","79","19","54","178","3.3","9323"
"2019","Lucas Giolito","CHW","14","9","29","29","176.2","131","69","67","24","57","228","5.1","15474"
"2015","Yovani Gallardo","TEX","13","11","33","33","184.1","193","76","70","15","68","121","2.6","8173"
"2013","Derek Holland","TEX","10","9","33","33","213.0","210","90","81","20","64","189","4.5","4141"
"2016","Bartolo Colon","NYM","15","8","34","33","191.2","200","81","73","24","32","128","2.4","375"
"2017","Lance Lynn","STL","11","8","33","33","186.1","151","80","71","27","78","153","1.2","2520"
"2014","Rick Porcello","DET","15","13","32","31","204.2","211","89","78","18","41","129","3.0","2717"
"2010","Tim Lincecum","SFG","16","10","33","33","212.1","194","84","81","18","76","231","4.3","5705"
"2020","Antonio Senzatela","COL","5","3","12","12","73.1","71","29","28","9","18","41","1.1","15488"
"2018","Kyle Hendricks","CHC","14","11","33","33","199.0","184","82","76","22","44","161","3.4","12049"
"2014","Alfredo Simon","CIN","15","10","32","32","196.1","181","80","75","22","56","127","1.3","2155"
"2015","Johnny Cueto","- - -","11","13","32","32","212.0","194","87","81","21","46","176","4.1","6893"
"2013","Justin Masterson","CLE","14","10","32","29","193.0","156","75","74","13","76","195","3.7","2038"
"2011","Chris Carpenter","STL","11","9","34","34","237.1","243","98","91","16","55","191","4.5","1292"
"2015","Danny Salazar","CLE","14","10","30","30","185.0","156","79","71","23","53","195","3.0","5867"
"2019","Kyle Hendricks","CHC","11","10","30","30","177.0","168","78","68","19","32","150","4.0","12049"
"2013","Justin Verlander","DET","13","12","34","34","218.1","212","94","84","19","75","217","4.8","8700"
"2014","Josh Collmenter","ARI","11","9","33","28","179.1","163","75","69","18","39","115","1.6","7312"
"2010","Jon Garland","SDP","14","12","33","33","200.0","176","86","77","20","87","136","0.9","232"
"2013","Jhoulys Chacin","COL","14","10","31","31","197.1","188","82","76","11","61","126","4.1","2608"
"2011","Felix Hernandez","SEA","14","14","33","33","233.2","218","99","90","19","67","222","5.3","4772"
"2014","Jason Hammel","- - -","10","11","30","29","176.1","154","70","68","23","44","158","1.8","4538"
"2011","Mat Latos","SDP","9","14","31","31","194.1","168","82","75","16","62","185","4.1","3815"
"2012","Jarrod Parker","OAK","13","8","29","29","181.1","166","71","70","11","63","140","3.7","4913"
"2011","Jon Lester","BOS","15","9","31","31","191.2","166","77","74","20","75","182","2.6","4930"
"2012","Zack Greinke","- - -","15","5","34","34","212.1","200","84","82","18","54","200","4.8","1943"
"2016","Marco Estrada","TOR","9","9","29","29","176.0","132","73","68","23","65","165","2.7","1118"
"2012","Mat Latos","CIN","14","4","33","33","209.1","179","87","81","25","64","185","2.8","3815"
"2020","Lucas Giolito","CHW","4","3","12","12","72.1","47","31","28","8","28","97","2.0","15474"
"2016","Kenta Maeda","LAD","16","11","32","32","175.2","150","72","68","20","50","179","2.9","18498"
"2015","Corey Kluber","CLE","9","16","32","32","222.0","189","92","86","22","45","245","5.6","2429"
"2011","Daniel Hudson","ARI","16","12","33","33","222.0","217","98","86","17","50","169","4.2","7146"
"2011","Wandy Rodriguez","HOU","11","11","30","30","191.0","182","81","74","25","69","166","1.4","2586"
"2013","Homer Bailey","CIN","11","12","32","32","209.0","181","85","81","20","54","199","4.1","8362"
"2013","Jorge De La Rosa","COL","16","6","30","30","167.2","170","70","65","11","62","112","2.7","2047"
"2011","David Price","TBR","12","13","34","34","224.1","192","93","87","22","63","218","4.8","3184"
"2017","Jimmy Nelson","MIL","12","6","29","29","175.1","171","75","68","16","48","199","4.8","10547"
"2010","Max Scherzer","DET","12","11","31","31","195.2","174","84","76","20","70","184","4.0","3137"
"2010","Dallas Braden","OAK","11","14","30","30","192.2","180","83","75","17","43","113","3.5","8099"
"2018","Jhoulys Chacin","MIL","15","8","35","35","192.2","153","83","75","18","71","156","2.3","2608"
"2016","Danny Duffy","KCR","12","3","42","26","179.2","163","71","70","27","42","188","2.9","3542"
"2014","Yovani Gallardo","MIL","8","11","32","32","192.1","195","86","75","21","54","146","1.6","8173"
"2013","Jose Quintana","CHW","9","7","33","33","200.0","188","83","78","23","56","164","3.4","11423"
"2012","A.J. Burnett","PIT","16","10","31","31","202.1","189","86","79","18","62","180","3.5","512"
"2011","Alexi Ogando","TEX","13","8","31","29","169.0","149","73","66","16","43","126","3.5","10261"
"2011","Yovani Gallardo","MIL","17","10","33","33","207.1","193","92","81","27","59","207","2.7","8173"
"2013","Jeff Locke","PIT","10","7","30","30","166.1","146","69","65","11","84","125","1.1","2929"
"2013","John Lackey","BOS","10","13","29","29","189.1","179","80","74","26","40","161","2.5","1507"
"2012","James Shields","TBR","15","10","33","33","227.2","208","103","89","25","58","223","3.8","7059"
"2014","Hisashi Iwakuma","SEA","15","9","28","28","179.0","167","70","70","20","21","154","2.8","13048"
"2014","Phil Hughes","MIN","16","10","32","32","209.2","221","88","82","16","16","186","6.3","7450"
"2019","Jeff Samardzija","SFG","11","12","32","32","181.1","152","78","71","28","49","140","1.6","3254"
"2015","Felix Hernandez","SEA","18","9","31","31","201.2","180","80","79","23","58","191","2.7","4772"
"2017","Jake Arrieta","CHC","14","10","30","30","168.1","150","82","66","23","55","163","2.5","4153"
"2017","Jacob deGrom","NYM","15","10","31","31","201.1","180","87","79","28","59","239","4.1","10954"
"2014","Wily Peralta","MIL","17","11","32","32","198.2","198","88","78","23","61","154","1.5","7738"
"2017","Aaron Nola","PHI","12","11","27","27","168.0","154","67","66","18","49","184","4.5","16149"
"2012","Scott Diamond","MIN","12","9","27","27","173.0","184","76","68","17","31","90","2.4","5089"
"2014","Wei-Yin Chen","BAL","16","6","31","31","185.2","193","77","73","23","35","136","2.3","13071"
"2014","Kyle Lohse","MIL","13","9","31","31","198.1","183","87","78","22","45","141","1.9","739"
"2011","Shaun Marcum","MIL","13","7","33","33","200.2","175","84","79","22","57","158","2.8","6204"
"2014","Zack Wheeler","NYM","11","11","32","32","185.1","167","84","73","14","79","187","2.4","10310"
"2014","Scott Kazmir","OAK","15","9","32","32","190.1","171","81","75","16","50","164","3.4","4897"
"2017","Sonny Gray","- - -","10","12","27","27","162.1","139","79","64","19","57","153","2.7","12768"
"2015","Edinson Volquez","KCR","13","9","34","33","200.1","190","89","79","16","72","155","2.7","3990"
"2013","Wade Miley","ARI","10","10","33","33","202.2","201","88","80","21","66","147","1.6","8779"
"2010","Anibal Sanchez","FLA","13","12","32","32","195.0","192","89","77","10","70","157","4.1","3284"
"2018","Mike Fiers","- - -","12","8","31","30","172.0","166","71","68","32","37","139","1.4","7754"
"2011","Jaime Garcia","STL","13","7","32","32","194.2","207","100","77","15","50","156","3.2","8137"
"2014","Tim Hudson","SFG","9","13","31","31","189.1","199","86","75","15","34","120","1.7","921"
"2020","Framber Valdez","HOU","5","3","11","10","70.2","63","32","28","5","16","76","2.0","17295"
"2014","Aaron Harang","ATL","12","12","33","33","204.1","215","88","81","15","71","161","2.8","1451"
"2010","Chad Billingsley","LAD","12","11","31","31","191.2","176","82","76","8","69","171","4.2","5842"
"2018","Derek Holland","SFG","7","9","36","30","171.1","154","74","68","19","67","169","2.3","4141"
"2018","David Price","BOS","16","7","30","30","176.0","151","75","70","25","50","177","2.4","3184"
"2019","Mike Minor","TEX","14","10","32","32","208.1","190","86","83","30","68","200","4.1","10021"
"2014","Jered Weaver","LAA","18","9","34","34","213.1","193","87","85","27","65","169","1.4","4235"
"2015","Hector Santiago","LAA","9","9","33","32","180.2","156","80","72","29","71","162","0.6","4026"
"2011","Mark Buehrle","CHW","13","9","31","31","205.1","221","93","82","21","45","109","3.1","225"
"2013","Cole Hamels","PHI","8","14","33","33","220.0","205","94","88","21","50","202","4.7","4972"
"2010","Wandy Rodriguez","HOU","11","12","32","32","195.0","183","95","78","16","68","178","3.6","2586"
"2015","Dan Haren","- - -","11","9","32","32","187.1","174","79","75","31","38","132","1.1","1757"
"2016","Kevin Gausman","BAL","9","12","30","30","179.2","183","76","72","28","47","174","3.1","14107"
"2012","Aaron Harang","LAD","10","10","31","31","179.2","167","85","72","14","85","131","2.2","1451"
"2015","J.A. Happ","- - -","11","8","32","31","172.0","173","71","69","16","45","151","3.1","7410"
"2018","Kyle Gibson","MIN","10","13","32","32","196.2","177","88","79","23","79","179","2.6","10123"
"2010","Francisco Liriano","MIN","14","10","31","31","191.2","184","77","77","9","58","201","5.6","3201"
"2013","Dillon Gee","NYM","12","11","32","32","199.0","208","84","80","24","47","142","2.0","7396"
"2011","Jhoulys Chacin","COL","11","14","31","31","194.0","168","87","78","20","87","150","2.3","2608"
"2012","Tim Hudson","ATL","16","7","28","28","179.0","168","77","72","12","48","102","1.6","921"
"2010","Ted Lilly","- - -","10","12","30","30","193.2","165","83","78","32","44","166","2.6","833"
"2015","Carlos Carrasco","CLE","14","12","30","30","183.2","154","75","74","18","43","216","4.8","6632"
"2014","Ian Kennedy","SDP","13","13","33","33","201.0","189","85","81","16","70","207","2.8","6986"
"2010","Johnny Cueto","CIN","12","7","31","31","185.2","181","79","75","19","56","138","2.6","6893"
"2014","Matt Garza","MIL","8","8","27","27","163.1","143","77","66","12","50","126","2.5","3340"
"2011","Aaron Harang","SDP","14","7","28","28","170.2","175","73","69","20","58","124","1.4","1451"
"2010","Shaun Marcum","TOR","13","8","31","31","195.1","181","84","79","24","43","165","3.5","6204"
"2017","Carlos Martinez","STL","12","11","32","32","205.0","179","93","83","27","71","217","3.2","11682"
"2015","Cole Hamels","- - -","13","8","32","32","212.1","190","88","86","22","62","215","4.5","4972"
"2015","Garrett Richards","LAA","15","12","32","32","207.1","181","94","84","20","76","176","2.8","9784"
"2014","Bud Norris","BAL","15","8","28","28","165.1","149","68","67","20","52","139","1.3","9492"
"2018","J.A. Happ","- - -","17","6","31","31","177.2","150","81","72","27","51","193","3.0","7410"
"2016","Jerad Eickhoff","PHI","11","14","33","33","197.1","187","88","80","30","42","167","3.0","12664"
"2014","Chris Young","SEA","12","9","30","29","165.0","143","70","67","26","60","108","0.0","3196"
"2010","Livan Hernandez","WSN","10","12","33","33","211.2","216","93","86","16","64","114","2.6","1116"
"2011","Paul Maholm","PIT","6","14","26","26","162.1","160","72","66","11","50","97","2.0","8678"
"2015","Jordan Zimmermann","WSN","13","10","33","33","201.2","204","89","82","24","39","164","3.1","4505"
"2010","Mike Pelfrey","NYM","15","9","34","33","204.0","213","88","83","12","68","113","2.8","5203"
"2012","Yovani Gallardo","MIL","16","9","33","33","204.0","185","86","83","26","81","204","2.0","8173"
"2017","Alex Cobb","TBR","12","10","29","29","179.1","175","78","73","22","44","128","2.2","6562"
"2013","Doug Fister","DET","14","9","33","32","208.2","229","91","85","14","44","159","4.1","9425"
"2012","Paul Maholm","- - -","13","11","32","31","189.0","178","80","77","20","53","140","1.7","8678"
"2011","Anibal Sanchez","FLA","8","9","32","32","196.1","187","85","80","20","64","202","3.7","3284"
"2019","Lance Lynn","TEX","16","11","33","33","208.1","195","89","85","21","59","246","6.7","2520"
"2012","Homer Bailey","CIN","13","10","33","33","208.0","206","97","85","26","52","168","2.5","8362"
"2016","Ian Kennedy","KCR","11","11","33","33","195.2","173","81","80","33","66","184","2.0","6986"
"2019","Jose Berrios","MIN","14","8","32","32","200.1","194","94","82","26","51","195","4.3","14168"
"2011","Randy Wolf","MIL","13","10","33","33","212.1","214","95","87","23","66","134","2.3","976"
"2011","Javier Vazquez","FLA","13","11","32","32","192.2","178","91","79","21","50","162","3.4","801"
"2016","Jake Odorizzi","TBR","10","6","33","33","187.2","170","80","77","29","54","166","1.8","6397"
"2014","Jarred Cosart","- - -","13","11","30","30","180.1","173","80","74","9","73","115","2.0","10304"
"2015","Brett Anderson","LAD","10","9","31","31","180.1","194","82","74","18","46","116","1.5","8223"
"2015","Mike Fiers","- - -","7","10","31","30","180.1","162","83","74","24","64","180","2.4","7754"
"2011","Joe Saunders","ARI","12","13","33","33","212.0","210","94","87","29","67","108","0.3","4366"
"2014","Mike Leake","CIN","11","13","33","33","214.1","217","93","88","23","50","164","2.3","10130"
"2011","Ivan Nova","NYY","16","4","28","27","165.1","163","74","68","13","57","98","1.9","1994"
"2013","Ricky Nolasco","- - -","13","11","34","33","199.1","195","90","82","17","46","165","3.4","3830"
"2015","Mike Leake","- - -","11","10","30","30","192.0","174","80","79","22","49","119","1.6","10130"
"2011","John Lannan","WSN","10","13","33","33","184.2","194","90","76","15","76","106","0.9","7080"
"2014","Jason Vargas","KCR","11","10","30","30","187.0","197","82","77","19","41","128","2.3","8044"
"2013","Chris Tillman","BAL","16","7","33","33","206.1","184","87","85","33","68","179","2.0","5279"
"2014","Hiroki Kuroda","NYY","11","9","32","32","199.0","191","91","82","20","35","146","3.1","3283"
"2014","R.A. Dickey","TOR","14","13","34","34","215.2","191","101","89","26","74","173","1.8","1245"
"2016","Jeremy Hellickson","PHI","12","10","32","32","189.0","173","86","78","24","45","154","3.4","4371"
"2010","Colby Lewis","TEX","12","13","32","32","201.0","174","90","83","21","65","196","4.8","1259"
"2010","John Danks","CHW","15","11","32","32","213.0","189","93","88","18","70","162","4.3","6329"
"2012","Chris Capuano","LAD","12","12","33","33","198.1","188","91","82","25","54","162","2.8","1701"
"2010","Ricky Romero","TOR","14","9","32","32","210.0","189","98","87","15","82","174","3.7","3403"
"2014","Jake Peavy","- - -","7","13","32","32","202.2","196","91","84","23","63","158","1.5","1051"
"2011","Tim Stauffer","SDP","9","12","31","31","185.2","180","81","77","20","53","128","1.7","6432"
"2012","Mark Buehrle","MIA","13","13","31","31","202.1","197","88","84","26","40","125","1.6","225"
"2011","Michael Pineda","SEA","9","10","28","28","171.0","133","76","71","18","55","173","3.5","5372"
"2014","Shelby Miller","STL","10","9","32","31","183.0","160","78","76","22","73","127","0.6","10197"
"2018","Dallas Keuchel","HOU","12","11","34","34","204.2","211","92","85","18","58","153","3.2","9434"
"2013","Andy Pettitte","NYY","11","11","30","30","185.1","198","85","77","17","48","128","2.7","840"
"2012","Max Scherzer","DET","16","7","32","32","187.2","179","82","78","23","60","231","4.5","3137"
"2012","Tommy Milone","OAK","13","10","31","31","190.0","207","90","79","24","36","137","3.1","7608"
"2012","Bronson Arroyo","CIN","12","10","32","32","202.0","209","86","84","26","35","129","2.2","978"
"2020","Max Scherzer","WSN","5","4","12","12","67.1","70","30","28","10","23","92","1.8","3137"
"2014","Scott Feldman","HOU","8","12","29","29","180.1","185","86","75","16","50","107","1.3","6283"
"2015","Jason Hammel","CHC","10","7","31","31","170.2","158","79","71","23","40","172","2.3","4538"
"2010","Carl Pavano","MIN","17","11","32","32","221.0","227","95","92","24","37","117","2.8","790"
"2020","German Marquez","COL","4","6","13","13","81.2","78","41","34","6","25","73","2.3","15038"
"2015","Erasmo Ramirez","TBR","11","6","34","27","163.1","145","73","68","16","40","126","2.3","10314"
"2010","Clayton Richard","SDP","14","9","33","33","201.2","206","89","84","16","78","153","2.2","3551"
"2011","Philip Humber","CHW","9","9","28","26","163.0","151","71","68","14","41","116","3.1","8586"
"2013","Jon Lester","BOS","15","8","33","33","213.1","209","94","89","19","67","177","3.3","4930"
"2016","Dan Straily","CIN","14","8","34","31","191.1","154","80","80","31","73","162","1.2","9460"
"2012","Wandy Rodriguez","- - -","12","13","34","33","205.2","205","99","86","21","56","139","2.8","2586"
"2012","Lucas Harrell","HOU","11","11","32","32","193.2","185","90","81","13","78","140","2.7","7541"
"2018","German Marquez","COL","14","11","33","33","196.0","179","90","82","24","57","230","4.1","15038"
"2010","Roberto Hernandez","CLE","13","14","33","33","210.1","203","98","88","17","72","124","2.9","3273"
"2016","Chris Tillman","BAL","16","6","30","30","172.0","155","73","72","19","66","140","2.5","5279"
"2011","Bud Norris","HOU","6","11","31","31","186.0","177","93","78","24","70","176","1.9","9492"
"2018","Cole Hamels","- - -","9","12","32","32","190.2","176","93","80","29","65","188","2.2","4972"
"2012","Trevor Cahill","ARI","13","12","32","32","200.0","184","93","84","16","74","156","2.4","6249"
"2013","Miguel Gonzalez","BAL","11","8","30","28","171.1","157","81","72","24","53","120","1.7","7024"
"2010","Jason Vargas","SEA","9","12","31","31","192.2","187","86","81","18","54","116","3.3","8044"
"2012","Lance Lynn","STL","18","7","35","29","176.0","168","76","74","16","64","180","2.6","2520"
"2011","Edwin Jackson","- - -","12","9","32","31","199.2","225","92","84","16","62","148","3.4","1841"
"2013","Bronson Arroyo","CIN","14","12","32","32","202.0","199","88","85","32","34","124","1.2","978"
"2015","Gio Gonzalez","WSN","11","8","31","31","175.2","181","79","74","8","69","169","3.7","7448"
"2010","Ian Kennedy","ARI","9","10","32","32","194.0","163","87","82","26","70","168","1.7","6986"
"2015","Mark Buehrle","TOR","15","8","32","32","198.2","214","100","84","22","33","91","2.0","225"
"2012","Matt Moore","TBR","11","11","31","31","177.1","158","85","75","18","81","175","2.4","1890"
"2016","Jeff Samardzija","SFG","12","11","32","32","203.1","190","88","86","24","54","167","2.2","3254"
"2019","Eduardo Rodriguez","BOS","19","6","34","34","203.1","195","88","86","24","75","213","3.7","13164"
"2012","Josh Johnson","MIA","8","14","31","31","191.1","180","84","81","14","65","165","3.3","4567"
"2014","Tom Koehler","MIA","10","10","32","32","191.1","177","84","81","16","71","153","2.2","6570"
"2012","Jeff Samardzija","CHC","9","13","28","28","174.2","157","79","74","20","56","180","2.7","3254"
"2019","Julio Teheran","ATL","10","11","33","33","174.2","148","81","74","22","83","162","1.6","6797"
"2014","John Lackey","- - -","14","10","31","31","198.0","206","94","84","24","47","164","2.5","1507"
"2017","Jose Urena","MIA","14","7","34","28","169.2","152","77","72","26","64","113","0.2","11589"
"2013","A.J. Griffin","OAK","14","10","32","32","200.0","171","91","85","36","54","171","1.5","11132"
"2012","C.J. Wilson","LAA","13","10","34","34","202.1","181","102","86","19","91","173","2.6","3580"
"2017","Michael Fulmer","DET","10","12","25","25","164.2","150","80","70","13","40","114","3.6","13218"
"2010","Jeremy Guthrie","BAL","11","14","32","32","209.1","193","93","89","25","50","119","2.4","2072"
"2011","Zack Greinke","MIL","16","6","28","28","171.2","161","82","73","19","45","201","3.3","1943"
"2011","Charlie Morton","PIT","10","10","29","29","171.2","186","82","73","6","77","110","2.0","4676"
"2016","Jason Hammel","CHC","15","10","30","30","166.2","148","77","71","25","53","144","1.3","4538"
"2018","Jose Berrios","MIN","12","11","32","32","192.1","159","83","82","25","61","202","3.1","14168"
"2015","Kyle Gibson","MIN","11","11","32","32","194.2","186","88","83","18","65","145","2.8","10123"
"2010","Yovani Gallardo","MIL","14","7","31","31","185.0","178","89","79","12","75","200","3.7","8173"
"2015","Alex Wood","- - -","12","12","32","32","189.2","198","86","81","15","59","139","2.7","13781"
"2010","Ryan Dempster","CHC","15","12","34","34","215.1","198","110","92","25","86","208","2.6","517"
"2014","Roenis Elias","SEA","10","12","29","29","163.2","151","77","70","16","64","143","1.1","12673"
"2019","Anibal Sanchez","WSN","11","8","30","30","166.0","153","77","71","22","58","134","2.4","3284"
"2012","Jason Vargas","SEA","14","11","33","33","217.1","201","94","93","35","55","141","1.5","8044"
"2017","Yu Darvish","- - -","10","12","31","31","186.2","159","83","80","27","58","209","3.7","13074"
"2012","Anibal Sanchez","- - -","9","13","31","31","195.2","200","95","84","20","48","167","3.5","3284"
"2013","Scott Feldman","- - -","12","12","30","30","181.2","159","87","78","19","56","132","2.2","6283"
"2011","Mike Leake","CIN","12","9","29","26","167.2","159","74","72","23","38","118","1.4","10130"
"2019","Aaron Nola","PHI","12","7","34","34","202.1","176","91","87","27","80","229","3.5","16149"
"2019","Sandy Alcantara","MIA","6","14","32","32","197.1","179","94","85","23","81","151","2.3","18684"
"2010","Bronson Arroyo","CIN","17","10","33","33","215.2","188","95","93","29","59","121","1.3","978"
"2019","Brett Anderson","OAK","13","9","31","31","176.0","181","80","76","20","49","90","1.9","8223"
"2019","Anthony DeSclafani","CIN","9","9","31","31","166.2","151","77","72","29","49","167","2.5","13050"
"2015","Collin McHugh","HOU","19","7","32","32","203.2","207","89","88","19","53","171","3.5","7531"
"2017","Jhoulys Chacin","SDP","13","10","32","32","180.1","157","82","78","19","72","153","2.3","2608"
"2018","Sean Newcomb","ATL","12","9","31","30","164.0","137","74","71","18","81","160","1.9","16943"
"2019","Mike Fiers","OAK","15","4","33","33","184.2","166","82","80","30","53","126","1.7","7754"
"2019","Madison Bumgarner","SFG","9","9","34","34","207.2","191","99","90","30","43","203","3.3","5524"
"2017","Zach Davies","MIL","17","9","33","33","191.1","204","90","83","20","55","124","2.7","13183"
"2012","Yu Darvish","TEX","16","9","29","29","191.1","156","89","83","14","89","221","4.7","13074"
"2015","R.A. Dickey","TOR","11","11","33","33","214.1","195","97","93","25","61","126","1.8","1245"
"2010","Dan Haren","- - -","12","12","35","35","235.0","245","110","102","31","54","216","3.7","1757"
"2016","CC Sabathia","NYY","9","12","30","30","179.2","172","83","78","22","65","152","2.6","404"
"2018","Reynaldo Lopez","CHW","7","10","32","32","188.2","165","88","82","25","75","151","2.3","16400"
"2010","Matt Garza","TBR","15","10","33","32","204.2","193","94","89","28","63","150","2.1","3340"
"2015","James Shields","SDP","13","7","33","33","202.1","189","93","88","33","81","216","0.8","7059"
"2017","Mike Leake","- - -","10","13","31","31","186.0","201","93","81","20","37","130","2.9","10130"
"2018","Kevin Gausman","- - -","10","11","31","31","183.2","189","85","80","26","50","148","2.3","14107"
"2010","Ervin Santana","LAA","17","10","33","33","222.2","221","104","97","27","73","169","2.1","3200"
"2013","Eric Stults","SDP","11","13","33","33","203.2","219","97","89","18","40","131","3.2","8011"
"2012","Adam Wainwright","STL","14","13","32","32","198.2","196","96","87","15","52","184","3.9","2233"
"2018","Julio Teheran","ATL","9","9","31","31","175.2","122","80","77","26","84","162","0.7","6797"
"2014","Ervin Santana","ATL","14","10","31","31","196.0","193","90","86","16","63","179","3.2","3200"
"2015","Kyle Hendricks","CHC","8","7","32","32","180.0","166","82","79","17","43","167","3.2","12049"
"2015","Chris Heston","SFG","12","11","31","31","177.2","169","82","78","16","64","141","1.3","10302"
"2011","Derek Holland","TEX","16","5","32","32","198.0","201","97","87","22","67","162","3.1","4141"
"2018","Jake Arrieta","PHI","10","11","31","31","172.2","165","93","76","21","57","138","2.0","4153"
"2019","Zack Wheeler","NYM","11","8","31","31","195.1","196","93","86","22","50","195","4.7","10310"
"2016","Zach Davies","MIL","11","7","28","28","163.1","166","79","72","20","38","135","2.5","13183"
"2012","Jake Westbrook","STL","13","11","28","28","174.2","191","85","77","12","52","106","2.0","412"
"2011","Ted Lilly","LAD","12","14","33","33","192.2","172","88","85","28","51","158","2.2","833"
"2013","Lance Lynn","STL","15","10","33","33","201.2","189","92","89","14","76","198","3.3","2520"
"2013","Jarrod Parker","OAK","12","8","32","32","197.0","178","92","87","25","63","134","1.3","4913"
"2016","Brandon Finnegan","CIN","10","11","31","31","172.0","150","86","76","29","84","145","0.7","16208"
"2019","Yu Darvish","CHC","6","8","31","31","178.2","140","82","79","33","56","229","2.5","13074"
"2019","Wade Miley","HOU","14","6","33","33","167.1","164","83","74","23","61","140","1.9","8779"
"2018","Jose Urena","MIA","9","12","31","31","174.0","155","78","77","19","51","130","1.6","11589"
"2019","Marco Gonzales","SEA","16","13","34","34","203.0","210","106","90","23","56","147","3.7","15467"
"2016","David Price","BOS","17","9","35","35","230.0","227","106","102","30","50","228","4.4","3184"
"2012","Clayton Richard","SDP","14","14","33","33","218.2","228","110","97","31","42","107","0.4","3551"
"2018","Marco Gonzales","SEA","13","9","29","29","166.2","172","76","74","17","32","145","3.5","15467"
"2014","Ryan Vogelsong","SFG","8","13","32","32","184.2","178","86","82","18","58","151","0.9","1011"
"2010","Derek Lowe","ATL","16","12","33","33","193.2","204","88","86","18","61","136","1.8","199"
"2011","Bartolo Colon","NYY","8","10","29","26","164.1","172","85","73","21","40","135","2.3","375"
"2020","Jose Berrios","MIN","5","4","12","12","63.0","57","28","28","8","26","68","1.1","14168"
"2013","Matt Cain","SFG","8","10","30","30","184.1","158","85","82","23","55","158","1.2","4732"
"2014","Dan Haren","LAD","13","11","32","32","186.0","183","101","83","27","36","145","1.7","1757"
"2012","Wei-Yin Chen","BAL","12","11","32","32","192.2","186","97","86","29","57","154","2.2","13071"
"2012","Ian Kennedy","ARI","15","12","33","33","208.1","216","101","93","28","55","187","2.4","6986"
"2019","Max Fried","ATL","17","6","33","30","165.2","174","80","74","21","47","173","3.0","13743"
"2016","Chris Archer","TBR","9","19","33","33","201.1","183","100","90","30","67","233","2.9","6345"
"2018","Jose Quintana","CHC","13","11","32","32","174.1","162","81","78","25","68","158","1.6","11423"
"2020","Zack Greinke","HOU","3","3","12","12","67.0","67","30","30","6","9","67","2.1","1943"
"2017","Patrick Corbin","ARI","14","13","33","32","189.2","208","97","85","26","61","178","3.0","9323"
"2012","Edwin Jackson","WSN","10","11","31","31","189.2","173","90","85","23","58","168","2.1","1841"
"2016","Carlos Rodon","CHW","9","10","28","28","165.0","176","82","74","23","54","168","2.7","16137"
"2015","Julio Teheran","ATL","11","8","33","33","200.2","189","99","90","27","73","171","1.4","6797"
"2013","Jeremy Guthrie","KCR","15","12","33","33","211.2","236","99","95","30","59","111","0.6","2072"
"2015","Anthony DeSclafani","CIN","9","13","31","31","184.2","194","93","83","17","55","151","3.1","13050"
"2014","Brandon McCarthy","- - -","10","15","32","32","200.0","222","100","90","25","33","175","2.6","4662"
"2020","Brady Singer","KCR","4","5","12","12","64.1","52","29","29","8","23","61","1.0","25377"
"2012","Joe Saunders","- - -","9","13","28","28","174.2","195","88","79","21","39","112","2.1","4366"
"2010","Wade Davis","TBR","12","10","29","29","168.0","165","77","76","24","62","113","1.1","7441"
"2017","Chris Archer","TBR","10","12","34","34","201.0","193","101","91","27","60","249","4.5","6345"
"2015","Yordano Ventura","KCR","13","8","28","28","163.1","154","75","74","14","58","156","2.7","11855"
"2010","Gavin Floyd","CHW","10","13","31","31","187.1","199","92","85","14","58","151","4.1","3886"
"2015","Tom Koehler","MIA","11","14","32","31","187.1","180","96","85","22","77","137","0.9","6570"
"2016","Matt Moore","- - -","13","12","33","33","198.1","184","93","90","25","72","178","2.0","1890"
"2014","Bartolo Colon","NYM","15","13","31","31","202.1","218","97","92","22","30","151","2.8","375"
"2014","Roberto Hernandez","- - -","8","11","32","29","164.2","156","84","75","19","73","105","0.1","3273"
"2014","Jorge De La Rosa","COL","14","11","32","32","184.1","161","90","84","21","67","139","1.7","2047"
"2010","Doug Fister","SEA","6","14","28","28","171.0","187","85","78","13","32","93","3.3","9425"
"2015","Ubaldo Jimenez","BAL","12","10","32","32","184.0","182","89","84","20","68","168","2.6","3374"
"2015","Jimmy Nelson","MIL","11","13","30","30","177.1","163","89","81","18","65","148","1.9","10547"
"2016","Kendall Graveman","OAK","10","11","31","31","186.0","196","87","85","22","47","108","1.9","15514"
"2012","Mike Minor","ATL","11","10","30","30","179.1","151","88","82","26","56","145","0.7","10021"
"2016","Hisashi Iwakuma","SEA","16","12","33","33","199.0","218","95","91","28","46","147","2.7","13048"
"2014","Jake Odorizzi","TBR","11","13","31","31","168.0","156","79","77","20","59","174","1.8","6397"
"2015","Jon Niese","NYM","9","10","33","29","176.2","192","93","81","20","55","113","0.7","4424"
"2017","Michael Wacha","STL","12","9","30","30","165.2","170","82","76","17","55","158","3.1","14078"
"2014","Jeremy Guthrie","KCR","13","11","32","32","202.2","215","100","93","23","49","124","1.2","2072"
"2019","Zach Eflin","PHI","10","13","32","28","163.1","172","88","75","28","48","129","1.5","13774"
"2012","Edinson Volquez","SDP","11","11","32","32","182.2","160","88","84","14","105","174","1.5","3990"
"2017","Ivan Nova","PIT","11","14","31","31","187.0","203","96","86","29","36","131","2.2","1994"
"2018","Andrew Heaney","LAA","9","10","30","30","180.0","171","91","83","27","45","180","2.9","15423"
"2012","Barry Zito","SFG","15","8","32","32","184.1","186","91","85","20","70","114","1.0","944"
"2017","Jose Quintana","- - -","11","11","32","32","188.2","170","92","87","23","61","207","4.0","11423"
"2010","Barry Zito","SFG","9","14","34","33","199.1","184","97","92","20","84","150","1.8","944"
"2013","Mark Buehrle","TOR","12","10","33","33","203.2","223","100","94","24","51","139","2.2","225"
"2019","Miles Mikolas","STL","9","14","32","32","184.0","193","90","85","27","32","144","2.5","9803"
"2017","Jason Vargas","KCR","18","11","32","32","179.2","181","84","83","27","58","134","1.8","8044"
"2011","Trevor Cahill","OAK","12","14","34","34","207.2","214","102","96","19","82","147","2.1","6249"
"2015","Bartolo Colon","NYM","14","13","33","31","194.2","217","94","90","25","24","136","2.5","375"
"2010","Zack Greinke","KCR","10","14","33","33","220.0","219","114","102","18","55","181","4.9","1943"
"2010","Randy Wolf","MIL","13","12","34","34","215.2","213","107","100","29","87","142","0.8","976"
"2013","Kevin Correia","MIN","9","13","31","31","185.1","218","89","86","24","45","101","1.4","1767"
"2013","Bud Norris","- - -","10","12","32","30","176.2","196","89","82","17","67","147","2.7","9492"
"2019","Joey Lucchesi","SDP","10","10","30","30","163.2","144","78","76","23","56","158","2.1","19320"
"2013","Yovani Gallardo","MIL","12","10","31","31","180.2","180","92","84","18","66","144","1.5","8173"
"2010","Phil Hughes","NYY","18","8","31","29","176.1","162","83","82","25","58","146","3.0","7450"
"2017","Trevor Bauer","CLE","17","9","32","31","176.1","181","84","82","25","60","196","2.8","12703"
"2012","Phil Hughes","NYY","16","13","32","32","191.1","196","101","89","35","46","165","2.0","7450"
"2019","Brad Keller","KCR","7","14","28","28","165.1","154","80","77","15","70","122","2.2","15734"
"2018","Ivan Nova","PIT","9","9","29","29","161.0","171","82","75","26","35","114","1.2","1994"
"2019","Adam Wainwright","STL","14","10","31","31","171.2","181","83","80","22","64","153","2.2","2233"
"2010","Jon Niese","NYM","9","10","30","30","173.2","192","97","81","20","62","148","1.9","4424"
"2013","R.A. Dickey","TOR","14","13","34","34","224.2","207","113","105","35","71","177","1.8","1245"
"2011","James McDonald","PIT","9","9","31","31","171.0","176","86","80","24","78","142","0.7","5523"
"2012","James McDonald","PIT","12","8","30","29","171.0","147","85","80","21","69","151","1.7","5523"
"2018","Gio Gonzalez","- - -","10","11","32","32","171.0","167","84","80","17","80","148","2.2","7448"
"2012","Kevin Correia","PIT","12","11","32","28","171.0","176","89","80","20","46","89","0.9","1767"
"2011","Chad Billingsley","LAD","11","11","32","32","188.0","189","98","88","14","84","152","2.5","5842"
"2010","Jake Westbrook","- - -","10","11","33","33","202.2","203","99","95","20","68","128","1.8","412"
"2010","Brett Cecil","TOR","15","7","28","28","172.2","175","87","81","18","54","117","2.4","2660"
"2012","Luis Mendoza","KCR","8","10","30","25","166.0","176","84","78","15","59","104","1.7","3126"
"2017","Dylan Bundy","BAL","13","9","28","28","169.2","152","82","80","26","51","152","2.8","12917"
"2011","Josh Tomlin","CLE","12","7","26","26","165.1","157","80","78","24","21","89","2.1","9388"
"2011","Jason Vargas","SEA","10","13","32","32","201.0","205","105","95","22","59","131","2.7","8044"
"2017","Gerrit Cole","PIT","12","12","33","33","203.0","199","98","96","31","55","196","3.4","13125"
"2017","Dan Straily","MIA","10","9","33","33","181.2","176","90","86","31","60","170","2.0","9460"
"2010","Randy Wells","CHC","8","14","32","32","194.1","209","97","92","19","63","144","2.5","4535"
"2015","Mike Pelfrey","MIN","6","11","30","30","164.2","198","86","78","11","45","86","2.3","5203"
"2016","Trevor Bauer","CLE","12","8","35","28","190.0","179","96","90","20","70","168","2.6","12703"
"2017","R.A. Dickey","ATL","10","10","31","31","190.0","193","99","90","26","67","136","1.5","1245"
"2015","Ian Kennedy","SDP","9","15","30","30","168.1","166","95","80","31","52","174","0.4","6986"
"2010","Mark Buehrle","CHW","13","13","33","33","210.1","246","105","100","17","49","99","3.8","225"
"2019","Noah Syndergaard","NYM","10","8","32","32","197.2","194","101","94","24","50","202","4.4","11762"
"2018","Rick Porcello","BOS","17","7","33","33","191.1","177","97","91","27","48","190","2.4","2717"
"2012","Gavin Floyd","CHW","12","11","29","29","168.0","166","84","80","22","63","144","1.9","3886"
"2019","Mike Leake","- - -","12","11","32","32","197.0","227","114","94","41","27","127","1.0","10130"
"2014","Eric Stults","SDP","8","17","32","32","176.0","197","93","84","26","45","111","-0.4","8011"
"2018","Luis Castillo","CIN","10","12","31","31","169.2","158","89","81","28","49","165","2.2","15689"
"2011","Carl Pavano","MIN","9","13","33","33","222.0","262","123","106","23","40","102","2.4","790"
"2010","Brian Matusz","BAL","10","12","32","32","175.2","173","88","84","19","63","143","2.8","2646"
"2013","Rick Porcello","DET","13","8","32","29","177.0","185","87","85","18","42","142","2.9","2717"
"2013","Felix Doubront","BOS","11","6","29","27","162.1","161","84","78","13","71","139","2.3","1478"
"2011","Jeremy Guthrie","BAL","9","17","34","32","208.0","213","113","100","26","66","130","1.7","2072"
"2016","Tom Koehler","MIA","9","13","33","33","176.2","176","93","85","22","83","147","1.1","6570"
"2012","Dan Haren","LAA","12","13","30","30","176.2","190","95","85","28","38","142","1.8","1757"
"2020","Kyle Freeland","COL","2","3","13","13","70.2","77","34","34","9","23","46","1.0","16256"
"2011","John Danks","CHW","8","12","27","27","170.1","182","89","82","19","46","135","2.9","6329"
"2017","Jon Lester","CHC","13","8","32","32","180.2","179","101","87","26","60","180","2.9","4930"
"2014","Wade Miley","ARI","8","12","33","33","201.1","207","103","97","23","75","183","1.3","8779"
"2019","Robbie Ray","ARI","12","8","33","33","174.1","150","91","84","30","84","235","2.4","11486"
"2015","Andrew Cashner","SDP","6","16","31","31","184.2","200","111","89","19","66","165","1.8","8782"
"2016","Collin McHugh","HOU","13","10","33","33","184.2","206","92","89","25","54","177","2.7","7531"
"2013","Jeff Samardzija","CHC","8","13","33","33","213.2","210","109","103","25","78","214","3.0","3254"
"2018","Tanner Roark","WSN","9","15","31","30","180.1","181","90","87","24","50","146","2.1","8753"
"2010","John Lackey","BOS","14","11","33","33","215.0","233","114","104","18","72","156","3.3","1507"
"2019","Tanner Roark","- - -","10","10","31","31","165.1","180","84","80","28","51","158","2.0","8753"
"2018","Mike Leake","SEA","10","10","31","31","185.2","207","98","90","23","34","119","2.3","10130"
"2016","Marcus Stroman","TOR","9","10","32","32","204.0","209","104","99","21","54","166","3.3","13431"
"2011","Gavin Floyd","CHW","12","13","31","30","193.2","180","97","94","22","45","151","3.1","3886"
"2013","Wily Peralta","MIL","11","15","32","32","183.1","187","107","89","19","73","129","0.9","7738"
"2013","Tim Lincecum","SFG","10","14","32","32","197.2","184","102","96","21","76","193","1.4","5705"
"2014","Nathan Eovaldi","MIA","6","14","33","33","199.2","223","107","97","14","43","142","3.3","9132"
"2018","Jakob Junis","KCR","9","12","30","30","177.0","182","94","86","32","43","164","1.5","13619"
"2018","Matthew Boyd","DET","9","13","31","31","170.1","146","87","83","27","51","159","2.2","15440"
"2010","Jeff Niemann","TBR","12","8","30","29","174.1","159","86","85","25","61","131","1.4","8591"
"2017","German Marquez","COL","11","7","29","29","162.0","174","82","79","25","49","147","2.4","15038"
"2016","Martin Perez","TEX","10","11","33","33","198.2","205","110","97","18","76","103","2.3","6902"
"2016","Josh Tomlin","CLE","13","9","30","29","174.0","187","97","85","36","20","118","1.0","9388"
"2011","Colby Lewis","TEX","14","10","32","32","200.1","187","103","98","35","56","169","2.1","1259"
"2016","Ricky Nolasco","- - -","8","14","32","32","197.2","202","104","97","26","44","144","2.8","3830"
"2019","Merrill Kelly","ARI","13","14","32","32","183.1","184","95","90","29","57","158","2.0","11156"
"2017","Jeff Samardzija","SFG","9","15","32","32","207.2","204","107","102","30","32","205","3.8","3254"
"2011","Max Scherzer","DET","15","9","33","33","195.0","207","101","96","29","56","174","2.3","3137"
"2019","Joe Musgrove","PIT","11","12","32","31","170.1","168","98","84","21","39","157","3.3","12970"
"2019","Masahiro Tanaka","NYY","11","9","32","31","182.0","186","95","90","28","40","149","3.3","15764"
"2011","Wade Davis","TBR","11","10","29","29","184.0","190","96","91","23","63","105","1.4","7441"
"2016","Yordano Ventura","KCR","11","12","32","32","186.0","190","96","92","23","78","144","1.6","11855"
"2020","Andrew Heaney","LAA","4","3","12","12","66.2","63","35","33","9","19","70","1.4","15423"
"2016","R.A. Dickey","TOR","10","15","30","29","169.2","169","97","84","28","63","126","0.8","1245"
"2019","Jon Lester","CHC","13","10","31","31","171.2","205","101","85","26","52","165","2.6","4930"
"2011","Brett Myers","HOU","7","14","34","33","216.0","226","116","107","31","57","160","1.7","962"
"2015","Wade Miley","BOS","11","11","32","32","193.2","201","98","96","17","64","147","2.7","8779"
"2011","Livan Hernandez","WSN","8","13","29","29","175.1","199","98","87","16","46","99","1.6","1116"
"2014","Kyle Gibson","MIN","13","12","31","31","179.1","178","91","89","12","57","107","2.7","10123"
"2010","Joe Saunders","- - -","9","17","33","33","203.1","232","120","101","25","64","114","1.2","4366"
"2010","Edwin Jackson","- - -","10","12","32","32","209.1","214","111","104","21","78","181","3.2","1841"
"2020","Alec Mills","CHC","5","5","11","11","62.1","53","31","31","13","19","46","0.2","13834"
"2012","Ricky Nolasco","MIA","12","13","31","31","191.0","214","100","95","18","47","125","2.3","3830"
"2019","Trevor Bauer","- - -","11","13","34","34","213.0","184","118","106","34","82","253","3.3","12703"
"2016","Mike Fiers","HOU","11","8","31","30","168.2","187","89","84","26","42","134","1.5","7754"
"2012","Tommy Hanson","ATL","13","10","31","31","174.2","183","95","87","27","71","161","0.2","9129"
"2014","Drew Hutchison","TOR","11","13","32","32","184.2","173","92","92","23","60","184","2.6","10732"
"2018","Jake Odorizzi","MIN","7","10","32","32","164.1","151","89","82","20","70","162","2.5","6397"
"2015","Jeff Locke","PIT","8","11","30","30","168.1","179","95","84","15","60","129","1.3","2929"
"2010","Scott Baker","MIN","12","9","29","29","170.1","186","87","85","23","43","148","2.5","6176"
"2017","Julio Teheran","ATL","11","13","32","32","188.1","186","103","94","31","72","151","1.0","6797"
"2020","Martin Perez","BOS","3","5","12","12","62.0","55","33","31","8","28","46","0.4","6902"
"2014","C.J. Wilson","LAA","13","10","31","31","175.2","169","95","88","17","85","151","0.5","3580"
"2018","James Shields","CHW","7","16","34","33","204.2","190","115","103","34","78","154","1.2","7059"
"2010","Dave Bush","MIL","8","13","32","31","174.1","198","108","88","28","65","107","-0.3","4635"
"2014","Justin Verlander","DET","15","12","32","32","206.0","223","114","104","18","65","159","3.2","8700"
"2011","Chris Capuano","NYM","11","12","33","31","186.0","198","99","94","27","53","168","2.1","1701"
"2015","Trevor Bauer","CLE","11","12","31","30","176.0","152","90","89","23","79","170","1.8","12703"
"2018","Tyler Anderson","COL","7","9","32","32","176.0","165","94","89","30","59","164","1.8","12880"
"2016","Dallas Keuchel","HOU","9","12","26","26","168.0","168","88","85","20","48","144","2.4","9434"
"2015","Taijuan Walker","SEA","11","8","29","29","169.2","163","92","86","25","40","157","1.8","11836"
"2012","Clay Buchholz","BOS","11","8","29","29","189.1","187","104","96","25","64","129","0.8","3543"
"2019","Matthew Boyd","DET","9","12","32","32","185.1","178","101","94","39","50","238","3.3","15440"
"2016","Gio Gonzalez","WSN","11","11","32","32","177.1","179","98","90","19","59","171","2.8","7448"
"2013","Ryan Dempster","BOS","8","9","32","29","171.1","170","97","87","26","79","157","0.5","517"
"2013","Jerome Williams","LAA","9","10","37","25","169.1","181","93","86","23","55","107","0.3","1137"
"2019","Homer Bailey","- - -","13","9","31","31","163.1","162","84","83","21","53","149","2.9","8362"
"2012","Mike Leake","CIN","8","9","30","30","179.0","201","97","91","26","41","116","1.2","10130"
"2010","Chris Volstad","FLA","12","9","30","30","175.0","187","94","89","17","60","102","1.3","9901"
"2017","John Lackey","CHC","12","12","31","30","170.2","165","93","87","36","53","149","0.6","1507"
"2014","A.J. Burnett","PHI","8","18","34","34","213.2","205","122","109","20","96","190","1.7","512"
"2012","Rick Porcello","DET","10","12","31","31","176.1","226","101","90","16","44","107","3.0","2717"
"2016","Jon Gray","COL","10","10","29","29","168.0","153","92","86","18","59","185","3.6","14916"
"2014","Kyle Kendrick","PHI","10","13","32","32","199.0","214","108","102","25","57","121","1.0","6230"
"2016","Jimmy Nelson","MIL","8","16","32","32","179.1","186","108","92","25","86","140","0.5","10547"
"2016","Adam Wainwright","STL","13","9","33","33","198.2","220","108","102","22","59","161","2.8","2233"
"2016","Doug Fister","HOU","12","13","32","32","180.1","195","98","93","24","62","115","0.8","9425"
"2017","Rick Porcello","BOS","11","17","33","33","203.1","236","125","105","38","48","181","2.0","2717"
"2012","Josh Beckett","- - -","7","14","28","28","170.1","174","91","88","21","52","132","2.0","510"
"2012","Bud Norris","HOU","7","13","29","29","168.1","165","90","87","23","66","165","1.7","9492"
"2020","Patrick Corbin","WSN","2","7","11","11","65.2","85","35","34","10","18","60","1.2","9323"
"2015","Colby Lewis","TEX","17","9","33","33","204.2","211","114","106","26","42","142","2.6","1259"
"2011","Jake Westbrook","STL","12","9","33","33","183.1","208","103","95","16","73","104","0.7","412"
"2017","Tanner Roark","WSN","13","11","32","30","181.1","178","105","94","23","64","166","2.8","8753"
"2016","Jaime Garcia","STL","10","13","32","30","171.2","179","94","89","26","57","150","1.1","8137"
"2013","Dan Haren","WSN","10","14","31","30","169.2","179","92","88","28","31","151","1.6","1757"
"2012","Derek Holland","TEX","12","7","29","27","175.1","162","100","91","32","52","145","1.5","4141"
"2017","Luis Perdomo","SDP","8","11","29","29","163.2","182","97","85","17","65","118","1.7","14682"
"2011","Ricky Nolasco","FLA","10","12","33","33","206.0","244","117","107","20","44","148","3.2","3830"
"2015","Rubby de la Rosa","ARI","14","9","32","32","188.2","193","103","98","32","63","150","0.6","3862"
"2017","Kevin Gausman","BAL","11","12","34","34","186.2","208","99","97","29","71","179","2.6","14107"
"2011","Luke Hochevar","KCR","11","11","31","31","198.0","192","110","103","23","62","128","2.2","6943"
"2011","Ubaldo Jimenez","- - -","10","13","32","32","188.1","186","111","98","17","78","180","3.3","3374"
"2019","Jose Quintana","CHC","13","9","32","31","171.0","191","100","89","20","46","152","3.4","11423"
"2016","Mike Leake","STL","9","12","30","30","176.2","203","101","92","20","30","125","2.5","10130"
"2016","Francisco Liriano","- - -","8","13","31","29","163.0","157","98","85","26","85","168","0.5","3201"
"2013","Kyle Kendrick","PHI","10","13","30","30","182.0","207","104","95","18","47","110","2.0","6230"
"2016","Hector Santiago","- - -","13","10","33","33","182.0","169","100","95","33","79","144","0.8","4026"
"2010","Justin Masterson","CLE","6","13","34","29","180.0","197","107","94","14","73","140","2.5","2038"
"2015","John Danks","CHW","7","15","30","30","177.2","195","104","93","24","56","124","1.3","6329"
"2012","Joe Blanton","- - -","10","13","31","30","191.0","207","106","100","29","34","166","2.5","4849"
"2019","Ivan Nova","CHW","11","12","34","34","187.0","225","107","98","30","47","114","2.0","1994"
"2011","Brandon Morrow","TOR","11","11","30","30","179.1","162","103","94","21","69","203","2.9","9346"
"2010","Kyle Kendrick","PHI","11","10","33","31","180.2","199","103","95","26","49","84","0.5","6230"
"2015","CC Sabathia","NYY","6","10","29","29","167.1","188","92","88","28","50","137","1.2","404"
"2011","Mike Pelfrey","NYM","7","13","34","33","193.2","220","111","102","21","65","105","1.2","5203"
"2014","John Danks","CHW","11","11","32","32","193.2","205","106","102","25","74","129","0.5","6329"
"2020","Aaron Civale","CLE","4","6","12","12","74.0","82","39","39","11","16","69","1.2","19479"
"2017","Masahiro Tanaka","NYY","13","12","30","30","178.1","180","100","94","35","41","194","2.6","15764"
"2018","Zack Godley","ARI","15","11","33","32","178.1","177","103","94","16","81","185","2.4","14862"
"2011","Rick Porcello","DET","14","9","31","31","182.0","210","103","96","18","46","104","2.3","2717"
"2014","Hector Noesi","- - -","8","12","33","27","172.1","180","98","91","28","56","123","0.2","3292"
"2011","Jason Hammel","COL","7","13","32","27","170.1","175","100","90","21","68","94","1.1","4538"
"2012","Jeremy Guthrie","- - -","8","12","33","29","181.2","206","109","96","30","50","101","0.8","2072"
"2019","German Marquez","COL","12","5","28","28","174.0","174","96","92","29","35","175","3.4","15038"
"2018","Nick Pivetta","PHI","7","14","33","32","164.0","163","91","87","24","51","188","2.8","15454"
"2013","CC Sabathia","NYY","14","13","32","32","211.0","224","122","112","28","65","175","2.1","404"
"2017","Ty Blach","SFG","8","12","34","24","163.2","179","91","87","17","43","73","1.2","14361"
"2017","Clayton Richard","SDP","8","15","32","32","197.1","240","114","105","24","59","151","2.2","3551"
"2016","Chad Bettis","COL","14","8","32","32","186.0","204","107","99","22","59","138","2.5","10587"
"2011","Ryan Dempster","CHC","10","14","34","34","202.1","211","111","108","23","82","191","2.6","517"
"2010","Jason Hammel","COL","10","9","30","30","177.2","201","97","95","18","47","141","3.3","4538"
"2016","Michael Pineda","NYY","6","12","32","32","175.2","184","98","94","27","53","207","3.2","5372"
"2010","Joe Blanton","PHI","9","6","29","28","175.2","206","104","94","27","43","134","1.8","4849"
"2017","Martin Perez","TEX","13","12","32","32","185.0","221","108","99","23","63","115","2.2","6902"
"2011","Jeff Francis","KCR","6","16","31","31","183.0","224","102","98","19","39","91","1.7","4684"
"2012","Jon Lester","BOS","9","14","33","33","205.1","216","117","110","25","68","166","2.4","4930"
"2012","Henderson Alvarez","TOR","9","14","31","31","187.1","216","110","101","29","54","79","0.3","5669"
"2015","Aaron Harang","PHI","6","15","29","29","172.1","189","100","93","26","51","108","1.2","1451"
"2016","Drew Smyly","TBR","7","12","30","30","175.1","174","103","95","32","49","167","1.8","11760"
"2011","Chris Volstad","FLA","5","13","29","29","165.2","187","96","90","23","49","117","0.9","9901"
"2016","Robbie Ray","ARI","8","15","32","32","174.1","185","105","95","24","71","218","3.3","11486"
"2013","Ian Kennedy","- - -","7","10","31","31","181.1","180","108","99","27","73","163","0.5","6986"
"2015","Rick Porcello","BOS","9","15","28","28","172.0","196","103","94","25","38","149","1.7","2717"
"2017","Ricky Nolasco","LAA","6","15","33","33","181.0","205","102","99","35","58","143","0.6","3830"
"2010","Rick Porcello","DET","10","12","27","27","162.2","188","96","89","18","38","84","2.0","2717"
"2012","Justin Masterson","CLE","11","15","34","34","206.1","212","122","113","18","88","159","2.8","2038"
"2015","Jeff Samardzija","CHW","11","13","32","32","214.0","228","122","118","29","49","163","2.3","3254"
"2010","Brad Bergesen","BAL","8","12","30","28","170.0","193","104","94","26","51","81","0.5","8375"
"2013","Edwin Jackson","CHC","8","18","31","31","175.1","197","110","97","16","59","135","2.2","1841"
"2017","Marco Estrada","TOR","10","9","33","33","186.0","186","104","103","31","71","176","2.6","1118"
"2010","Chris Narveson","MIL","12","9","37","28","167.2","172","96","93","21","59","137","1.2","2141"
"2015","Chris Tillman","BAL","11","11","31","31","173.0","176","97","96","20","64","120","1.9","5279"
"2010","Rodrigo Lopez","ARI","7","16","33","33","200.0","227","126","111","37","56","116","-0.1","150"
"2012","Ivan Nova","NYY","12","8","28","28","170.1","194","100","95","28","56","153","1.1","1994"
"2014","Travis Wood","CHC","8","13","31","31","173.2","190","110","97","20","76","146","1.4","9884"
"2015","Alfredo Simon","DET","13","12","31","31","187.0","201","112","105","24","68","117","1.4","2155"
"2011","Derek Lowe","ATL","9","17","34","34","187.0","212","110","105","14","70","137","1.5","199"
"2016","Jered Weaver","LAA","12","12","31","31","178.0","209","106","100","37","51","103","0.1","4235"
"2011","Bronson Arroyo","CIN","9","12","32","32","199.0","227","119","112","46","45","108","-1.6","978"
"2012","Bruce Chen","KCR","11","14","34","34","191.2","215","114","108","33","47","140","1.6","769"
"2010","Kevin Millwood","BAL","4","16","31","31","190.2","223","116","108","30","65","132","1.1","106"
"2010","Paul Maholm","PIT","9","15","32","32","185.1","228","119","105","15","62","102","1.9","8678"
"2019","Martin Perez","MIN","10","7","32","29","165.1","184","104","94","23","67","135","1.8","6902"
"2018","Jon Gray","COL","12","9","31","31","172.1","180","102","98","27","52","183","2.4","14916"
"2011","A.J. Burnett","NYY","11","11","33","32","190.1","190","115","109","31","83","173","0.5","512"
"2012","Ervin Santana","LAA","9","13","30","30","178.0","165","109","102","39","61","133","-0.8","3200"
"2020","Jon Lester","CHC","3","3","12","12","61.0","64","35","35","11","17","42","0.2","4930"
"2013","Jeremy Hellickson","TBR","12","10","32","31","174.0","185","103","100","24","50","135","1.3","4371"
"2012","Tim Lincecum","SFG","10","15","33","33","186.0","183","111","107","23","90","190","0.9","5705"
"2014","Colby Lewis","TEX","10","14","29","29","170.1","211","107","98","25","48","133","1.2","1259"
"2010","James Shields","TBR","13","15","34","33","203.1","246","128","117","34","51","187","2.1","7059"
"2019","Jakob Junis","KCR","9","14","31","31","175.1","192","108","102","31","58","164","1.5","13619"
"2011","Roberto Hernandez","CLE","7","15","32","32","188.2","205","125","110","22","60","109","1.5","3273"
"2010","A.J. Burnett","NYY","10","15","33","33","186.2","204","118","109","25","78","145","1.4","512"
"2013","Joe Saunders","SEA","11","16","32","32","183.0","232","117","107","25","61","107","0.5","4366"
"2017","Jason Hammel","KCR","8","13","32","32","180.1","209","109","106","26","48","145","2.3","4538"
"2011","Brad Penny","DET","11","11","31","31","181.2","222","117","107","24","62","74","0.3","535"
"2014","Clay Buchholz","BOS","8","11","28","28","170.1","182","108","101","17","54","132","1.3","3543"
"2010","Kyle Davies","KCR","8","12","32","32","183.2","206","114","109","20","80","126","1.7","3642"
"2020","Kyle Gibson","TEX","2","6","12","12","67.1","73","44","40","12","30","58","0.1","10123"
"2016","Wade Miley","- - -","9","13","30","30","166.0","187","100","99","25","49","137","1.8","8779"
"2016","Edinson Volquez","KCR","10","11","34","34","189.1","217","124","113","23","76","139","1.7","3990"
"2019","Reynaldo Lopez","CHW","10","15","33","33","184.0","203","119","110","35","65","169","2.3","16400"
"2020","Johnny Cueto","SFG","2","3","12","12","63.1","61","41","38","9","26","56","0.5","6893"
"2012","Ubaldo Jimenez","CLE","9","17","31","31","176.2","190","116","106","25","95","143","0.9","3374"
"2017","Jeremy Hellickson","- - -","8","11","30","30","164.0","160","105","99","35","47","96","0.3","4371"
"2018","Dylan Bundy","BAL","8","16","31","31","171.2","188","116","104","41","54","184","1.0","12917"
"2010","Jeremy Bonderman","DET","8","10","30","29","171.0","187","112","104","25","60","112","0.9","1667"
"2019","Rick Porcello","BOS","14","12","32","32","174.1","198","114","107","31","45","143","1.8","2717"
"2017","Matt Moore","SFG","6","15","32","31","174.1","200","116","107","27","67","148","1.0","1890"
"2013","Edinson Volquez","- - -","9","12","33","32","170.1","193","114","108","19","77","142","0.8","3990"
"2012","Luke Hochevar","KCR","8","16","32","32","185.1","202","127","118","27","61","144","1.4","6943"
"2012","Ricky Romero","TOR","9","14","32","32","181.0","198","122","116","21","105","124","0.4","3403"
"2016","James Shields","- - -","6","19","33","33","181.2","208","122","118","40","82","135","-1.0","7059"
"2018","Lucas Giolito","CHW","10","13","32","32","173.1","166","123","118","27","90","125","0.1","15474"
"2020","Matthew Boyd","DET","3","7","12","12","60.1","67","46","45","15","22","60","0.1","15440"
